{
    "1": {
        "evento": "Conferencia de Tecnologia",
        "tipos_evento": "Tecnologia",
        "descripcion": "Descubre las últimas innovaciones en tecnologia.",
        "hora": "10:00 AM - 4:00 PM",
        "fecha": "2025/03/19",
        "presupuesto": 800,
        "ubicacion": "<iframe src=\"https://www.google.com/maps/embed?pb=!1m18!1m12!1m3!1d28005.593813178297!2d-106.037248!3d28.668723200000002!2m3!1f0!2f0!3f0!3m2!1i1024!2i768!4f13.1!3m3!1m2!1s0x86ea44faca5445e5%3A0xc2c6746e2e26b6ad!2sALSUPER%20PLUS%20EL%20LEON!5e0!3m2!1ses-419!2smx!4v1741807054612!5m2!1ses-419!2smx\" width=\"300\" height=\"300\" style=\"border:0;\" allowfullscreen=\"\" loading=\"lazy\" referrerpolicy=\"no-referrer-when-downgrade\"></iframe>",
        "foro": 300,
        "foro_actual": 50,
        "imagen": "https://anfitriones.mx/wp-content/uploads/2018/02/comodidad-asistntes.jpg"
    },
        "2": {
        "evento": "Torneo de Beisbol",
        "tipos_evento": "Deporte",
        "descripcion": "Disfruta de la emocion del beisbol en vivo.",
        "hora": "4:00 PM - 10:00 PM",
        "fecha": "2025/03/23",
        "presupuesto": 2000,
        "ubicacion": "<iframe src='https://www.google.com/maps/embed?pb=!1m18!1m12!1m3!1d7004.076828383002!2d-106.02419716154272!3d28.62861076985311!2m3!1f0!2f0!3f0!3m2!1i1024!2i768!4f13.1!3m3!1m2!1s0x86ea5b266d55b657%3A0x3284e4937b1d6a7!2sEstadio%20Monumental%20Chihuahua!5e0!3m2!1ses!2smx!4v1742249353473!5m2!1ses!2smx' width='600' height='450' style='border:0;' allowfullscreen='' loading='lazy' referrerpolicy='no-referrer-when-downgrade'></iframe>",
        "foro": 5000,
        "foro_actual": 1200,
        "imagen": "https://www.bloomberglinea.com/resizer/6aLysAqN5WWYg4aGUuvigO-iWL8=/arc-photo-bloomberglinea/arc2-prod/public/RTOM2XKFUVGLFGDDIQZGPB6B5E.jpg"
    },

        "3": {
        "evento": "Exposición de Arte Contemporaneo",
        "tipos_evento": "Arte",
        "descripcion": "Explora lo mejor del arte contemporaneo en esta exposicion.",
        "hora": "3:00 PM - 7:00 PM",
        "fecha": "2025/03/24",
        "presupuesto": 0,
        "ubicacion": "<iframe src='https://www.google.com/maps/embed?pb=!1m18!1m12!1m3!1d3040.5910495737894!2d-106.07428604863999!3d28.638754015142123!2m3!1f0!2f0!3f0!3m2!1i1024!2i768!4f13.1!3m3!1m2!1s0x86ea43510ece9a47%3A0x1c2aad93a1579fd4!2sPlaza%20del%20%C3%81ngel!5e0!3m2!1ses!2smx!4v1742249505102!5m2!1ses!2smx' width='600' height='450' style='border:0;' allowfullscreen='' loading='lazy' referrerpolicy='no-referrer-when-downgrade'></iframe>",
        "foro": 100,
        "foro_actual": 0,
        "imagen": "https://www.caracteristicasdel.com/wp-content/uploads/2022/04/Caracteristicas-del-Arte...jpg"
    },
        "4": {
        "evento": "Feria del Emprendimiento",
        "tipos_evento": "Negocios",
        "descripcion": "Adentrate al mundo laboral y consigue empleo",
        "hora": "9:00 AM - 5:00 PM",
        "fecha": "2025/06/25",
        "presupuesto": 700,
        "ubicacion": "<iframe src=\"https://www.google.com/maps/embed?pb=!1m18!1m12!1m3!1d4764.986316962321!2d-106.09286811075302!3d28.640767691999926!2m3!1f0!2f0!3f0!3m2!1i1024!2i768!4f13.1!3m3!1m2!1s0x86ea4349b330a107%3A0x6f480c442d714be!2sParque%20El%20Palomar!5e0!3m2!1ses!2smx!4v1742249610024!5m2!1ses!2smx\" width=\"600\" height=\"450\" style=\"border:0;\" allowfullscreen=\"\" loading=\"lazy\" referrerpolicy=\"no-referrer-when-downgrade\"></iframe>",
        "foro": 800,
        "foro_actual": 150,
        "imagen": "https://newsweekespanol.com/wp-content/uploads/2025/02/IMG-20250224-WA0436-1140x570.jpg"
    },

        "5": {
        "evento": "Congreso de Medicina",
        "tipos_evento": "Salud",
        "descripcion": "Ultimos avances en medicina y salud.",
        "hora": "8:00 AM - 6:00 PM",
        "fecha": "2025/08/30",
        "presupuesto": 0,
        "ubicacion": "<iframe src=\"https://www.google.com/maps/embed?pb=!1m18!1m12!1m3!1d7004.119481129826!2d-106.11731810028448!3d28.62795855898762!2m3!1f0!2f0!3f0!3m2!1i1024!2i768!4f13.1!3m3!1m2!1s0x86ea42d1d3b59639%3A0xf73f1d9b790bcdc5!2sFashion%20Mall%20Chihuahua!5e0!3m2!1ses!2smx!4v1742249741127!5m2!1ses!2smx\" width=\"600\" height=\"450\" style=\"border:0;\" allowfullscreen=\"\" loading=\"lazy\" referrerpolicy=\"no-referrer-when-downgrade\"></iframe>",
        "foro": 600,
        "foro_actual": 200,
        "imagen": "https://sn.gob.mx/wp-content/uploads/2023/07/feria-de-la-salud-11--scaled.jpg"
    },

        "6": {
        "evento": "Concierto Super hombres",
        "tipos_evento": "Musica",
        "descripcion": "Demuestra que eres un superhombre y disfruta nuestra musica",
        "hora": "10:00 AM - 5:00 PM",
        "fecha": "2025/09/12",
        "presupuesto": 5000,
        "ubicacion": "<iframe src=\"https://www.google.com/maps/embed?pb=!1m18!1m12!1m3!1d1939.7812112978497!2d-106.12848448288432!3d28.661255572411523!2m3!1f0!2f0!3f0!3m2!1i1024!2i768!4f13.1!3m3!1m2!1s0x86ea42f185cafb8d%3A0xbad37d54a9fbc505!2sDistrito%20Uno!5e0!3m2!1ses!2smx!4v1742249866937!5m2!1ses!2smx\" width=\"600\" height=\"450\" style=\"border:0;\" allowfullscreen=\"\" loading=\"lazy\" referrerpolicy=\"no-referrer-when-downgrade\"></iframe>",
        "foro": 300,
        "foro_actual": 90,
        "imagen": "https://cdn-3.expansion.mx/dims4/default/39b7626/2147483647/strip/true/crop/1254x836+0+0/resize/1200x800!/format/webp/quality/60/?url=https%3A%2F%2Fcdn-3.expansion.mx%2F7d%2Fcf%2F85fbd49b4a75a7b18d8563088ee6%2Fconciertos-2023-mexico.jpg"
    },
        "7": {
        "evento": "Recital de invierto",
        "tipos_evento": "Musical",
        "descripcion": "Musica clasica y elegancia",
        "hora": "11:00 AM - 7:00 PM",
        "fecha": "2025/11/05",
        "presupuesto": 15000,
        "ubicacion": "<iframe src=\"https://www.google.com/maps/embed?pb=!1m18!1m12!1m3!1d15115.67661239526!2d-106.10508576541731!3d28.725345687077223!2m3!1f0!2f0!3f0!3m2!1i1024!2i768!4f13.1!3m3!1m2!1s0x86ea4163733f2a09%3A0x43ea7067eb92a264!2sCentro%20Cultural%20Quinta%20Carolina!5e0!3m2!1ses!2smx!4v1742250004106!5m2!1ses!2smx\" width=\"600\" height=\"450\" style=\"border:0;\" allowfullscreen=\"\" loading=\"lazy\" referrerpolicy=\"no-referrer-when-downgrade\"></iframe>",
        "foro": 10000,
        "foro_actual": 2500,
        "imagen": "https://giornaledelladanza.com/wp-content/uploads/13757571983_42f7243e4b_b.jpg"
    },

       "8": {
        "evento": "Gran Turismo",
        "tipos_evento": "Turismo",
        "descripcion": "Tu motor a toda marcha",
        "hora": "9:00 AM - 6:00 PM",
        "fecha": "2025/12/20",
        "presupuesto": 1800,
        "ubicacion": "<iframe src=\"https://www.google.com/maps/embed?pb=!1m18!1m12!1m3!1d15106.883293627072!2d-106.15850854197133!3d28.78610328458672!2m3!1f0!2f0!3f0!3m2!1i1024!2i768!4f13.1!3m3!1m2!1s0x86ea401d9f6eb2f3%3A0xd42a88e26f7d5b67!2sParque%20Vistas%20del%20Norte%20II!5e0!3m2!1ses!2smx!4v1742250126178!5m2!1ses!2smx\" width=\"600\" height=\"450\" style=\"border:0;\" allowfullscreen=\"\" loading=\"lazy\" referrerpolicy=\"no-referrer-when-downgrade\"></iframe>",
        "foro": 1200,
        "foro_actual": 300,
        "imagen": "https://sm.ign.com/ign_latam/gallery/g/gran-turis/gran-turismo-stills_hv8n.jpg"
}
}
